"entrawa@freelists.org" <entrawa@freelists.org>, "ISOGEOCHEM@LIST.UVM.EDU" <ISOGEOCHEM@LIST.UVM.EDU>, "NOBLE-GAS-NETWORK@jiscmail.ac.uk" <NOBLE-GAS-NETWORK@jiscmail.ac.uk>, "hedy.aardema@mpic.de" <hedy.aardema@mpic.de>, Werner Aeschbach-Hertig <aeschbach@iup.uni-heidelberg.de>, "rob.agnew@okstate.edu" <rob.agnew@okstate.edu>, "bernard.alexis.phd@gmail.com" <bernard.alexis.phd@gmail.com>, "hi.lenamaral@gmail.com" <hi.lenamaral@gmail.com>, "luc.aquilina@univ-rennes1.fr" <luc.aquilina@univ-rennes1.fr>, "chris.ballentine@earth.ox.ac.uk" <chris.ballentine@earth.ox.ac.uk>, Eddie Banks <eddie.banks@flinders.edu.au>, Florent Barbecot <barbecot.florent@uqam.ca>, "Bärenbold, Fabian" <Fabian.Baerenbold@eawag.ch>, "pbarry@whoi.edu" <pbarry@whoi.edu>, "anne.battani@univ-pau.fr" <anne.battani@univ-pau.fr>, "paul.baudron@ird.fr" <paul.baudron@ird.fr>, "viola.becattini@ipe.mavt.ethz.ch" <viola.becattini@ipe.mavt.ethz.ch>, "betti@gfz-potsdam.de" <betti@gfz-potsdam.de>, "bernhard.bereiter@gmail.com" <bernhard.bereiter@gmail.com>, "rizlan.bernier-latmani@epfl.ch" <rizlan.bernier-latmani@epfl.ch>, "Blanc, Theo" <Theo.Blanc@eawag.ch>, Ingo Blechschmidt <ingo.blechschmidt@nagra.ch>, "bluettj@gmail.com" <bluettj@gmail.com>, "mikeb@helium-one.com" <mikeb@helium-one.com>, "frederic.bouchard5@usherbrooke.ca" <frederic.bouchard5@usherbrooke.ca>, "Bouffard, Damien" <Damien.Bouffard@eawag.ch>, "njbouskill@lbl.gov" <njbouskill@lbl.gov>, Matthias Brennwald <Matthias.Brennwald@eawag.ch>, Reto Britt <Reto.Britt@eawag.ch>, "bernard.brixel@erdw.ethz.ch" <bernard.brixel@erdw.ethz.ch>, "elbrodie@lbl.gov" <elbrodie@lbl.gov>, "philip.brunner@unine.ch" <philip.brunner@unine.ch>, "info@atriumenvironmental.com" <info@atriumenvironmental.com>, "antonio.caracausi@ingv.it" <antonio.caracausi@ingv.it>, "eliot.chatton@univ-rennes1.fr" <eliot.chatton@univ-rennes1.fr>, "yanhua.chen@nature.com" <yanhua.chen@nature.com>, "ethanchen@smart.mit.edu" <ethanchen@smart.mit.edu>, "csabarathinam@kisr.edu.kw" <csabarathinam@kisr.edu.kw>, "jnchristensen@lbl.gov" <jnchristensen@lbl.gov>, "olaf.cirpka@uni-tuebingen.de" <olaf.cirpka@uni-tuebingen.de>, "alex.cobb@smart.mit.edu" <alex.cobb@smart.mit.edu>, "friederike.currle@unibas.ch" <friederike.currle@unibas.ch>, "tonya.delsontro@unige.ch" <tonya.delsontro@unige.ch>, "Doda, Tomy" <Tomy.Doda@eawag.ch>, "hugo.dutoit@univ-grenoble-alpes.fr" <hugo.dutoit@univ-grenoble-alpes.fr>, "Ebi, Christian" <Christian.Ebi@eawag.ch>, "brendan@ozoilgas.com" <brendan@ozoilgas.com>, "jorge.encinas@uni-konstanz.de" <jorge.encinas@uni-konstanz.de>, "sonja.endres@awi.de" <sonja.endres@awi.de>, "davidf@ru.is" <davidf@ru.is>, "stephanie.flude@earth.ox.ac.uk" <stephanie.flude@earth.ox.ac.uk>, "efueri@crpg.cnrs-nancy.fr" <efueri@crpg.cnrs-nancy.fr>, "antonio.garralon@ciemat.es" <antonio.garralon@ciemat.es>, "wsg@helium-one.com" <wsg@helium-one.com>, "dpgenere@ncsu.edu" <dpgenere@ncsu.edu>, "Christoph.Gerber@csiro.au" <Christoph.Gerber@csiro.au>, "mana.gharun@wwu.de" <mana.gharun@wwu.de>, "stuart.gilfillan@ed.ac.uk" <stuart.gilfillan@ed.ac.uk>, "Giroud, Sébastien" <Sebastien.Giroud@eawag.ch>, "jocelyn.gisiger@solexperts.com" <jocelyn.gisiger@solexperts.com>, "michael.gooseff@colorado.edu" <michael.gooseff@colorado.edu>, "jachin.gorre@hsr.ch" <jachin.gorre@hsr.ch>, "adithya.Gowrishankar@sckcen.be" <adithya.Gowrishankar@sckcen.be>, "jens.groeger-trampe@lbeg.niedersachsen.de" <jens.groeger-trampe@lbeg.niedersachsen.de>, "julia.guelard@ifpen.fr" <julia.guelard@ifpen.fr>, "typhaine.guillemot@nagra.ch" <typhaine.guillemot@nagra.ch>, "sophie.guillon@minesparis.psl.eu" <sophie.guillon@minesparis.psl.eu>, "domokos.gyore@glasgow.ac.uk" <domokos.gyore@glasgow.ac.uk>, "rhamme@uvic.ca" <rhamme@uvic.ca>, "charvey@mit.edu" <charvey@mit.edu>, "gerald.haug@mpic.de" <gerald.haug@mpic.de>, "hayashi@ucalgary.ca" <hayashi@ucalgary.ca>, "ashley.helton@uconn.edu" <ashley.helton@uconn.edu>, "darren.hillegonds@earth.ox.ac.uk" <darren.hillegonds@earth.ox.ac.uk>, "G.Holland@manchester.ac.uk" <G.Holland@manchester.ac.uk>, "Edith.Engelhardt@iup.uni-heidelberg.de" <Edith.Engelhardt@iup.uni-heidelberg.de>, "opsgeologist@helium-one.com" <opsgeologist@helium-one.com>, Eric Humphrey <humphrey.c.eric@gmail.com>, "Daniel.Hunkeler@unine.ch" <Daniel.Hunkeler@unine.ch>, "elke.jacops@sckcen.be" <elke.jacops@sckcen.be>, "David.Jaeggi@swisstopo.ch" <David.Jaeggi@swisstopo.ch>, "jesvollertsen@build.aau.dk" <jesvollertsen@build.aau.dk>, "jolie@gfz-potsdam.de" <jolie@gfz-potsdam.de>, "yju@kaeri.re.kr" <yju@kaeri.re.kr>, Rolf Kipfer <Rolf.Kipfer@eawag.ch>, "roberto.kirchheim@cprm.gov.br" <roberto.kirchheim@cprm.gov.br>, "julia.knapp@usys.ethz.ch" <julia.knapp@usys.ethz.ch>, "florian.kober@nagra.ch" <florian.kober@nagra.ch>, "chankoh@kigam.re.kr" <chankoh@kigam.re.kr>, "kujawa@gfz-potsdam.de" <kujawa@gfz-potsdam.de>, "Asena.Kuzucan@etu.unige.ch" <Asena.Kuzucan@etu.unige.ch>, "thierry.labasque@univ-rennes1.fr" <thierry.labasque@univ-rennes1.fr>, "Stuart.Lane@unil.ch" <Stuart.Lane@unil.ch>, "ti.langenegger@gmail.com" <ti.langenegger@gmail.com>, Olivier Leupin <olivier.leupin@nagra.ch>, "alexklightfoot@gmail.com" <alexklightfoot@gmail.com>, "plinke@geomar.de" <plinke@geomar.de>, "matteo.lupi@unige.ch" <matteo.lupi@unige.ch>, "j.mabry@iaea.org" <j.mabry@iaea.org>, William Mace <wil.mace@utah.edu>, "I-machida@aist.go.jp" <I-machida@aist.go.jp>, "lars.maechler@gmail.com" <lars.maechler@gmail.com>, Colin Maden <maden@erdw.ethz.ch>, "claudio.madonna@erdw.ethz.ch" <claudio.madonna@erdw.ethz.ch>, "cara.magnabosco@erdw.ethz.ch" <cara.magnabosco@erdw.ethz.ch>, "marie-sophie.maier@usys.ethz.ch" <marie-sophie.maier@usys.ethz.ch>, "cara.manning@uconn.edu" <cara.manning@uconn.edu>, "Marion, Capucine" <Capucine.Marion@eawag.ch>, "tmarkovic@hgi-cgs.hr" <tmarkovic@hgi-cgs.hr>, "T.Matsumoto@iaea.org" <T.Matsumoto@iaea.org>, "bmayer@ucalgary.ca" <bmayer@ucalgary.ca>, Daniel McGinnis <Daniel.Mcginnis@unige.ch>, "floreana.miesen@unil.ch" <floreana.miesen@unil.ch>, "Jodie.Miller@IAEA.ORG" <Jodie.Miller@IAEA.ORG>, "Moeck, Christian" <Christian.Moeck@eawag.ch>, "karimmtili@gmail.com" <karimmtili@gmail.com>, Herwig Müller <herwig.mueller@nagra.ch>, "jesvollertsen@build.aau.dk" <jesvollertsen@build.aau.dk>, "tom.muller.1@unil.ch" <tom.muller.1@unil.ch>, "muramatsu@nikkyo-tec.co.jp" <muramatsu@nikkyo-tec.co.jp>, "stephanie.musy@unibe.ch" <stephanie.musy@unibe.ch>, "cpnewman@usgs.gov" <cpnewman@usgs.gov>, "sonia.noirez@ifpen.fr" <sonia.noirez@ifpen.fr>, "morgan.peel@unine.ch" <morgan.peel@unine.ch>, Frank Peeters <frank.peeters@uni-konstanz.de>, "picard.antoine.2@courrier.uqam.ca" <picard.antoine.2@courrier.uqam.ca>, "andrea.popp@smhi.se" <andrea.popp@smhi.se>, "magali.pujol@total.com" <magali.pujol@total.com>, "roland.purtschert@unibe.ch" <roland.purtschert@unibe.ch>, "radny@bafg.de" <radny@bafg.de>, "areinick@ethz.ch" <areinick@ethz.ch>, "reznik@gsi.gov.il" <reznik@gsi.gov.il>, "my.riebe@erdw.ethz.ch" <my.riebe@erdw.ethz.ch>, "Rieckermann, Jörg" <Joerg.Rieckermann@eawag.ch>, "antoniopio.rinaldi@sed.ethz.ch" <antoniopio.rinaldi@sed.ethz.ch>, "camille.rolland@epfl.ch" <camille.rolland@epfl.ch>, "clement.roques@unine.ch" <clement.roques@unine.ch>, "dmitrirouwet@gmail.com" <dmitrirouwet@gmail.com>, "rufer@geo.unibe.ch" <rufer@geo.unibe.ch>, "yuji.sano@kochi-u.ac.jp" <yuji.sano@kochi-u.ac.jp>, "santoni_s@univ-corse.fr" <santoni_s@univ-corse.fr>, "oliver.schilling@unibas.ch" <oliver.schilling@unibas.ch>, "oliver.schmale@io-warnemuende.de" <oliver.schmale@io-warnemuende.de>, "mschmidt@geomar.de" <mschmidt@geomar.de>, "Schubert, Carsten" <Carsten.Schubert@eawag.ch>, "aseltzer@WHOI.EDU" <aseltzer@WHOI.EDU>, "dseneshen@gmail.com" <dseneshen@gmail.com>, Heinz Singer <Heinz.Singer@eawag.ch>, "olivier.sissmann@ifpen.fr" <olivier.sissmann@ifpen.fr>, "kip.solomon@utah.edu" <kip.solomon@utah.edu>, "thomas.spillmann@nagra.ch" <thomas.spillmann@nagra.ch>, "msprenger@lbl.gov" <msprenger@lbl.gov>, "eleni.stavropoulou@epfl.ch" <eleni.stavropoulou@epfl.ch>, Thomas Stieglitz <thomas.stieglitz@jcu.edu.au>, "Fin.Stuart@glasgow.ac.uk" <Fin.Stuart@glasgow.ac.uk>, "martins@ldeo.columbia.edu" <martins@ldeo.columbia.edu>, "Axel.Suckow@csiro.au" <Axel.Suckow@csiro.au>, "suelten@uni-bremen.de" <suelten@uni-bremen.de>, Anja Sundal <anja.sundal@geo.uio.no>, "anja.sundal@yahoo.com" <anja.sundal@yahoo.com>, "yama.tomonaga@unibas.ch" <yama.tomonaga@unibas.ch>, "info@entracers.com" <info@entracers.com>, "laurent.truche@univ-grenoble-alpes.fr" <laurent.truche@univ-grenoble-alpes.fr>, "lina.tyroller@tg.ch" <lina.tyroller@tg.ch>, "tyroller.engineer@gmail.com" <tyroller.engineer@gmail.com>, "nicholas.utting@NRCan-RNCan.gc.ca" <nicholas.utting@NRCan-RNCan.gc.ca>, "dominic.vachon@umu.se" <dominic.vachon@umu.se>, "luc.vanloon@psi.ch" <luc.vanloon@psi.ch>, "Van Rooyen, Jared" <Jared.VanRooyen@eawag.ch>, "visser3@llnl.gov" <visser3@llnl.gov>, Martin Vollmer <Martin.Vollmer@empa.ch>, "Wang, Chuan" <Chuan.Wang@eawag.ch>, Guang-cai Wang <wanggc@cugb.edu.cn>, "wangyif@student.ethz.ch" <wangyif@student.ethz.ch>, "owarr@uottawa.ca" <owarr@uottawa.ca>, "len.wassenaar@live.ca" <len.wassenaar@live.ca>, "u.w.weber@geo.uio.no" <u.w.weber@geo.uio.no>, "justyn@noblehelium.com.au" <justyn@noblehelium.com.au>, "yxie@nju.edu.cn" <yxie@nju.edu.cn>, "alba.zappone@sed.ethz.ch" <alba.zappone@sed.ethz.ch>, Dan Zhao <zhaodan2209@163.com>, "Zhu, Mengqi" <Mengqi.Zhu@eawag.ch>, "weihei@gfz-potsdam.de" <weihei@gfz-potsdam.de>, "Tamara.Kolbe@geo.tu-freiberg.de" <Tamara.Kolbe@geo.tu-freiberg.de>, "Aurore.Regaudie.De.Gioux@ifremer.fr" <Aurore.Regaudie.De.Gioux@ifremer.fr>, "Bill.McDowell@unh.edu" <Bill.McDowell@unh.edu>, "demarti@mdp.edu.ar" <demarti@mdp.edu.ar>, "lydiaolaka@tukenya.ac.ke" <lydiaolaka@tukenya.ac.ke>, "mateo.lacheux9@etu.univ-lorraine.fr" <mateo.lacheux9@etu.univ-lorraine.fr>, Hadas Ben-nun Levanon <hadas.bennun@gmail.com>, Eddie Banks <eddie.banks@flinders.edu.au>, daniel.rufer <daniel.rufer@unibe.ch>, christoph.wanner <christoph.wanner@unibe.ch>, Rebecca Tyne <rebecca.tyne@manchester.ac.uk>, Florent Barbecot <barbecot.florent@uqam.ca>, Tanuj Mahajan <tmaha064@uottawa.ca>, Oliver Warr <owarr@uottawa.ca>, Núria Martínez-Carreras <nuria.martinez@list.lu>, Berenice Cateland <bcateland@univ-pau.fr>, "Anne Battani" <anne.battani@univ-pau.fr>, 고동찬 <chankoh@kigam.re.kr>, Morgan Peel <morgan.m.peel@gmail.com>, John Christensen <jnchristensen@lbl.gov>, Eliot Chatton <eliot.chatton@univ-rennes1.fr>, Drew Buonocore <drew.buonocore@bubbleology.com>, DanielSegal <DanielSegal@chevron.com>, Ira Leifer <Ira.Leifer@bubbleology.com>, Urs Heutschi <urs.heutschi@swissenviro.ch>, "Sanchez Murillo, Ricardo" <ricardo.sanchezmurrillo@uta.edu>, "Newman, Connor P" <cpnewman@usgs.gov>, "Palko, Kelli M" <kpalko@usgs.gov>, Michael Gooseff <michael.gooseff@colorado.edu>, "Humphrey, C. (Eric)" <chumphrey@usgs.gov>, Douglas Kip Solomon <Kip.Solomon@utah.edu>, Goldeni Mteri <geo1@helium-one.com>, Alexandre de Andrade Ferreira <alexandreaf@petrobras.com.br>, Helbing Jakob (WVZ) <Jakob.Helbing@zuerich.ch>, "Gröger-Trampe, Jens" <Jens.Groeger-Trampe@lbeg.niedersachsen.de>, "Picard, Antoine" <picard.antoine.2@courrier.uqam.ca>, Mateo Lacheux <mateo.lacheux9@etu.univ-lorraine.fr>, J Corcho <jose.corcho@babs.admin.ch>, info <info@forlabscience.com>, Yama Tomonaga <info@entracers.com>, Camille Bouchez <camille.bouchez@univ-rennes1.fr>, "Peel, Morgan" <Morgan.Peel@eawag.ch>, Southern Sky Energy <southernskyenergy@outlook.com>, Lightfoot Alexandra <alexandra.lightfoot@sed.ethz.ch>, Luiza Jardim Machado <luizaljm@usp.br>, "Halford, Daniel T." <dhalford@caltech.edu>, Julien Walter <jwalter@uqac.ca>, BAQUE David <david.baque@cnrs.fr>, Christopher Rochelle - BGS <caro@bgs.ac.uk>, Diana Burghardt <diana.burghardt@tu-dresden.de>, Ezgi Keskin <ekeskin@v-er.eu>, "Paull, Brenda" <Brenda.Paull@chevron.com>, "Carlos J. Garrido (CSIC-IACT, Granada)" <carlos.garrido@csic.es>, Mollie Mcgibbon <mollie.mcgibbon@whoi.edu>, Alan M Seltzer <aseltzer@whoi.edu>,  muramatsu@nikkyo-tec.co.jp, uwe.robert <uwe.robert@mikolaj-gr.com>, Magali PUJOL <magali.pujol@totalenergies.com>, Tao Wen <twen08@syr.edu>, Harald Stollhofen <harald.stollhofen@fau.de>, Jürgen email <j.grotsch@t-online.de>, LAURENT TRUCHE <laurent.truche@univ-grenoble-alpes.fr>, Anna Twaróg <twarog@agh.edu.pl>, "Marković, Tamara" <tmarkovic@hgi-cgs.hr>, Carl Steefel <cisteefel@lbl.gov>, Wenming Dong <wenmingdong@lbl.gov>, "Garralon Lafuente, Antonio" <antonio.garralon@ciemat.es>,  marc-andre.buenzli@eda.admin.ch, Dylan Irvine <dylan.irvine@cdu.edu.au>, HUGO DUTOIT <hugo.dutoit@univ-grenoble-alpes.fr>, Roberto Kirchheim <roberto.kirchheim@sgb.gov.br>, Elisabeth Eiche (IMG) <elisabeth.eiche@kit.edu>, Didier Gastmans <didier.gastmans@unesp.br>, christian.griebler <christian.griebler@univie.ac.at>


CHUAN WANG new address
MARTIN VOIGT
JONAS
ALEX LIGHTFOOT
PAUL ETH-SED
IAEA BRAZIL LEUTE
IAEA TAKUYA

